round,pair_idx,i,j,imgA,imgB,scoreA,scoreB,winner,conf,obj_name,dino_scoreA,dino_scoreB,dino_margin,dino_winner,match,vlm_margin,vlm_sign,dino_sign,judge_tag,t2i_dir,model_label
1,1,3,1,round001_pair001_i3_A.png,round001_pair001_j1_B.png,6.0,9.0,1,0.9,02_A_portrait_photo_of_a_kangaroo_wearing_an_orange_hoodie_and_1_0,0.8367154598236084,0.834394097328186,0.0023213624954223633,0,0,-3.0,-1.0,1.0,gpt_4_1_mini,flux1_fal_duel,Flux1-duel
1,2,4,0,round001_pair002_i4_A.png,round001_pair002_j0_B.png,8.0,5.0,0,0.85,02_A_portrait_photo_of_a_kangaroo_wearing_an_orange_hoodie_and_1_0,0.8450309634208679,0.7855005264282227,0.059530436992645264,0,1,3.0,1.0,1.0,gpt_4_1_mini,flux1_fal_duel,Flux1-duel
1,3,2,5,round001_pair003_i2_A.png,round001_pair003_j5_B.png,6.0,9.0,1,0.85,02_A_portrait_photo_of_a_kangaroo_wearing_an_orange_hoodie_and_1_0,0.8013641834259033,0.8598215579986572,-0.058457374572753906,1,1,-3.0,-1.0,-1.0,gpt_4_1_mini,flux1_fal_duel,Flux1-duel
1,4,3,2,round001_pair004_i3_A.png,round001_pair004_j2_B.png,9.0,7.0,0,0.85,02_A_portrait_photo_of_a_kangaroo_wearing_an_orange_hoodie_and_1_0,0.7261514067649841,0.8405877351760864,-0.1144363284111023,1,0,2.0,1.0,-1.0,gpt_4_1_mini,flux1_fal_duel,Flux1-duel
1,5,3,0,round001_pair005_i3_A.png,round001_pair005_j0_B.png,8.5,7.0,0,0.75,02_A_portrait_photo_of_a_kangaroo_wearing_an_orange_hoodie_and_1_0,0.8222203254699707,0.7822201251983643,0.040000200271606445,0,1,1.5,1.0,1.0,gpt_4_1_mini,flux1_fal_duel,Flux1-duel
1,6,3,4,round001_pair006_i3_A.png,round001_pair006_j4_B.png,7.0,8.5,1,0.85,02_A_portrait_photo_of_a_kangaroo_wearing_an_orange_hoodie_and_1_0,0.7940448522567749,0.8282153606414795,-0.03417050838470459,1,1,-1.5,-1.0,-1.0,gpt_4_1_mini,flux1_fal_duel,Flux1-duel
1,7,3,1,round001_pair007_i3_A.png,round001_pair007_j1_B.png,9.0,7.0,0,0.8,02_A_portrait_photo_of_a_kangaroo_wearing_an_orange_hoodie_and_1_0,0.8020769357681274,0.8303101658821106,-0.028233230113983154,1,0,2.0,1.0,-1.0,gpt_4_1_mini,flux1_fal_duel,Flux1-duel
1,8,3,5,round001_pair008_i3_A.png,round001_pair008_j5_B.png,7.0,8.0,1,0.8,02_A_portrait_photo_of_a_kangaroo_wearing_an_orange_hoodie_and_1_0,0.6794406175613403,0.8379136323928833,-0.15847301483154297,1,1,-1.0,-1.0,-1.0,gpt_4_1_mini,flux1_fal_duel,Flux1-duel
1,9,3,2,round001_pair009_i3_A.png,round001_pair009_j2_B.png,8.5,7.0,0,0.75,02_A_portrait_photo_of_a_kangaroo_wearing_an_orange_hoodie_and_1_0,0.8613044023513794,0.8577886819839478,0.0035157203674316406,0,1,1.5,1.0,1.0,gpt_4_1_mini,flux1_fal_duel,Flux1-duel
1,10,3,4,round001_pair010_i3_A.png,round001_pair010_j4_B.png,8.0,6.0,0,0.85,02_A_portrait_photo_of_a_kangaroo_wearing_an_orange_hoodie_and_1_0,0.821295440196991,0.8457472324371338,-0.024451792240142822,1,0,2.0,1.0,-1.0,gpt_4_1_mini,flux1_fal_duel,Flux1-duel
2,1,4,0,round002_pair001_i4_A.png,round002_pair001_j0_B.png,8.5,6.5,0,0.85,02_A_portrait_photo_of_a_kangaroo_wearing_an_orange_hoodie_and_1_0,0.835206151008606,0.6438740491867065,0.19133210182189941,0,1,2.0,1.0,1.0,gpt_4_1_mini,flux1_fal_duel,Flux1-duel
2,2,3,1,round002_pair002_i3_A.png,round002_pair002_j1_B.png,7.0,9.0,1,0.85,02_A_portrait_photo_of_a_kangaroo_wearing_an_orange_hoodie_and_1_0,0.8396100997924805,0.7359272837638855,0.10368281602859497,0,0,-2.0,-1.0,1.0,gpt_4_1_mini,flux1_fal_duel,Flux1-duel
2,3,2,5,round002_pair003_i2_A.png,round002_pair003_j5_B.png,9.0,6.0,0,0.85,02_A_portrait_photo_of_a_kangaroo_wearing_an_orange_hoodie_and_1_0,0.5786512494087219,0.8230984807014465,-0.2444472312927246,1,0,3.0,1.0,-1.0,gpt_4_1_mini,flux1_fal_duel,Flux1-duel
2,4,4,0,round002_pair004_i4_A.png,round002_pair004_j0_B.png,7.0,9.0,1,0.9,02_A_portrait_photo_of_a_kangaroo_wearing_an_orange_hoodie_and_1_0,0.8371536731719971,0.7779029607772827,0.059250712394714355,0,0,-2.0,-1.0,1.0,gpt_4_1_mini,flux1_fal_duel,Flux1-duel
2,5,4,1,round002_pair005_i4_A.png,round002_pair005_j1_B.png,9.0,7.0,0,0.8,02_A_portrait_photo_of_a_kangaroo_wearing_an_orange_hoodie_and_1_0,0.883476734161377,0.5093936920166016,0.3740830421447754,0,1,2.0,1.0,1.0,gpt_4_1_mini,flux1_fal_duel,Flux1-duel
2,6,4,2,round002_pair006_i4_A.png,round002_pair006_j2_B.png,6.0,8.0,1,0.85,02_A_portrait_photo_of_a_kangaroo_wearing_an_orange_hoodie_and_1_0,0.8509986400604248,0.6323244571685791,0.2186741828918457,0,0,-2.0,-1.0,1.0,gpt_4_1_mini,flux1_fal_duel,Flux1-duel
2,7,4,3,round002_pair007_i4_A.png,round002_pair007_j3_B.png,7.0,8.5,1,0.85,02_A_portrait_photo_of_a_kangaroo_wearing_an_orange_hoodie_and_1_0,0.8582758903503418,0.8261779546737671,0.03209793567657471,0,0,-1.5,-1.0,1.0,gpt_4_1_mini,flux1_fal_duel,Flux1-duel
2,8,4,5,round002_pair008_i4_A.png,round002_pair008_j5_B.png,8.0,6.0,0,0.85,02_A_portrait_photo_of_a_kangaroo_wearing_an_orange_hoodie_and_1_0,0.8408739566802979,0.6521677374839783,0.18870621919631958,0,1,2.0,1.0,1.0,gpt_4_1_mini,flux1_fal_duel,Flux1-duel
2,9,4,3,round002_pair009_i4_A.png,round002_pair009_j3_B.png,8.5,6.5,0,0.85,02_A_portrait_photo_of_a_kangaroo_wearing_an_orange_hoodie_and_1_0,0.8108553290367126,0.8333783149719238,-0.02252298593521118,1,0,2.0,1.0,-1.0,gpt_4_1_mini,flux1_fal_duel,Flux1-duel
2,10,4,3,round002_pair010_i4_A.png,round002_pair010_j3_B.png,9.0,6.0,0,0.85,02_A_portrait_photo_of_a_kangaroo_wearing_an_orange_hoodie_and_1_0,0.7108669281005859,0.8549450039863586,-0.1440780758857727,1,0,3.0,1.0,-1.0,gpt_4_1_mini,flux1_fal_duel,Flux1-duel
3,1,4,0,round003_pair001_i4_A.png,round003_pair001_j0_B.png,8.0,6.0,0,0.85,02_A_portrait_photo_of_a_kangaroo_wearing_an_orange_hoodie_and_1_0,0.8182061314582825,0.7919543981552124,0.02625173330307007,0,1,2.0,1.0,1.0,gpt_4_1_mini,flux1_fal_duel,Flux1-duel
3,2,5,2,round003_pair002_i5_A.png,round003_pair002_j2_B.png,8.5,6.0,0,0.85,02_A_portrait_photo_of_a_kangaroo_wearing_an_orange_hoodie_and_1_0,0.7888433933258057,0.8075044751167297,-0.018661081790924072,1,0,2.5,1.0,-1.0,gpt_4_1_mini,flux1_fal_duel,Flux1-duel
3,3,3,1,round003_pair003_i3_A.png,round003_pair003_j1_B.png,7.0,9.0,1,0.85,02_A_portrait_photo_of_a_kangaroo_wearing_an_orange_hoodie_and_1_0,0.8306201696395874,0.8292363882064819,0.0013837814331054688,0,0,-2.0,-1.0,1.0,gpt_4_1_mini,flux1_fal_duel,Flux1-duel
3,4,4,1,round003_pair004_i4_A.png,round003_pair004_j1_B.png,7.0,9.0,1,0.85,02_A_portrait_photo_of_a_kangaroo_wearing_an_orange_hoodie_and_1_0,0.805363655090332,0.8187247514724731,-0.013361096382141113,1,1,-2.0,-1.0,-1.0,gpt_4_1_mini,flux1_fal_duel,Flux1-duel
3,5,4,0,round003_pair005_i4_A.png,round003_pair005_j0_B.png,8.0,6.0,0,0.85,02_A_portrait_photo_of_a_kangaroo_wearing_an_orange_hoodie_and_1_0,0.8347208499908447,0.7916334867477417,0.04308736324310303,0,1,2.0,1.0,1.0,gpt_4_1_mini,flux1_fal_duel,Flux1-duel
3,6,4,0,round003_pair006_i4_A.png,round003_pair006_j0_B.png,8.0,5.0,0,0.85,02_A_portrait_photo_of_a_kangaroo_wearing_an_orange_hoodie_and_1_0,0.8210654854774475,0.8452221751213074,-0.024156689643859863,1,0,3.0,1.0,-1.0,gpt_4_1_mini,flux1_fal_duel,Flux1-duel
3,7,4,1,round003_pair007_i4_A.png,round003_pair007_j1_B.png,7.0,9.0,1,0.85,02_A_portrait_photo_of_a_kangaroo_wearing_an_orange_hoodie_and_1_0,0.8262415528297424,0.7789123058319092,0.04732924699783325,0,0,-2.0,-1.0,1.0,gpt_4_1_mini,flux1_fal_duel,Flux1-duel
3,8,4,5,round003_pair008_i4_A.png,round003_pair008_j5_B.png,7.0,9.0,1,0.85,02_A_portrait_photo_of_a_kangaroo_wearing_an_orange_hoodie_and_1_0,0.8651667833328247,0.8302576541900635,0.03490912914276123,0,0,-2.0,-1.0,1.0,gpt_4_1_mini,flux1_fal_duel,Flux1-duel
3,9,4,5,round003_pair009_i4_A.png,round003_pair009_j5_B.png,7.0,8.5,1,0.85,02_A_portrait_photo_of_a_kangaroo_wearing_an_orange_hoodie_and_1_0,0.834022581577301,0.8281895518302917,0.005833029747009277,0,0,-1.5,-1.0,1.0,gpt_4_1_mini,flux1_fal_duel,Flux1-duel
3,10,4,3,round003_pair010_i4_A.png,round003_pair010_j3_B.png,7.0,9.0,1,0.85,02_A_portrait_photo_of_a_kangaroo_wearing_an_orange_hoodie_and_1_0,0.8343349695205688,0.6168042421340942,0.2175307273864746,0,0,-2.0,-1.0,1.0,gpt_4_1_mini,flux1_fal_duel,Flux1-duel
4,1,4,2,round004_pair001_i4_A.png,round004_pair001_j2_B.png,9.0,7.0,0,0.85,02_A_portrait_photo_of_a_kangaroo_wearing_an_orange_hoodie_and_1_0,0.8143655061721802,0.8347859382629395,-0.020420432090759277,1,0,2.0,1.0,-1.0,gpt_4_1_mini,flux1_fal_duel,Flux1-duel
4,2,3,0,round004_pair002_i3_A.png,round004_pair002_j0_B.png,7.0,9.0,1,0.85,02_A_portrait_photo_of_a_kangaroo_wearing_an_orange_hoodie_and_1_0,0.6350953578948975,0.7758463621139526,-0.14075100421905518,1,1,-2.0,-1.0,-1.0,gpt_4_1_mini,flux1_fal_duel,Flux1-duel
4,3,1,5,round004_pair003_i1_A.png,round004_pair003_j5_B.png,8.5,6.5,0,0.85,02_A_portrait_photo_of_a_kangaroo_wearing_an_orange_hoodie_and_1_0,0.8259724378585815,0.8010572195053101,0.024915218353271484,0,1,2.0,1.0,1.0,gpt_4_1_mini,flux1_fal_duel,Flux1-duel
4,4,4,1,round004_pair004_i4_A.png,round004_pair004_j1_B.png,9.0,5.0,0,0.9,02_A_portrait_photo_of_a_kangaroo_wearing_an_orange_hoodie_and_1_0,0.7971312999725342,0.8060945272445679,-0.008963227272033691,1,0,4.0,1.0,-1.0,gpt_4_1_mini,flux1_fal_duel,Flux1-duel
4,5,4,0,round004_pair005_i4_A.png,round004_pair005_j0_B.png,6.5,8.5,1,0.9,02_A_portrait_photo_of_a_kangaroo_wearing_an_orange_hoodie_and_1_0,0.8350655436515808,0.8028261065483093,0.032239437103271484,0,0,-2.0,-1.0,1.0,gpt_4_1_mini,flux1_fal_duel,Flux1-duel
4,6,4,1,round004_pair006_i4_A.png,round004_pair006_j1_B.png,6.0,8.0,1,0.9,02_A_portrait_photo_of_a_kangaroo_wearing_an_orange_hoodie_and_1_0,0.8250726461410522,0.8138597011566162,0.011212944984436035,0,0,-2.0,-1.0,1.0,gpt_4_1_mini,flux1_fal_duel,Flux1-duel
4,7,4,5,round004_pair007_i4_A.png,round004_pair007_j5_B.png,9.0,6.5,0,0.85,02_A_portrait_photo_of_a_kangaroo_wearing_an_orange_hoodie_and_1_0,0.8050476312637329,0.7243927121162415,0.08065491914749146,0,1,2.5,1.0,1.0,gpt_4_1_mini,flux1_fal_duel,Flux1-duel
4,8,4,3,round004_pair008_i4_A.png,round004_pair008_j3_B.png,8.0,6.0,0,0.85,02_A_portrait_photo_of_a_kangaroo_wearing_an_orange_hoodie_and_1_0,0.8228520154953003,0.7986196875572205,0.024232327938079834,0,1,2.0,1.0,1.0,gpt_4_1_mini,flux1_fal_duel,Flux1-duel
4,9,4,0,round004_pair009_i4_A.png,round004_pair009_j0_B.png,6.0,8.0,1,0.85,02_A_portrait_photo_of_a_kangaroo_wearing_an_orange_hoodie_and_1_0,0.810735821723938,0.8246346712112427,-0.013898849487304688,1,1,-2.0,-1.0,-1.0,gpt_4_1_mini,flux1_fal_duel,Flux1-duel
4,10,4,1,round004_pair010_i4_A.png,round004_pair010_j1_B.png,9.0,7.0,0,0.85,02_A_portrait_photo_of_a_kangaroo_wearing_an_orange_hoodie_and_1_0,0.8310148119926453,0.8443769216537476,-0.013362109661102295,1,0,2.0,1.0,-1.0,gpt_4_1_mini,flux1_fal_duel,Flux1-duel
5,1,4,1,round005_pair001_i4_A.png,round005_pair001_j1_B.png,9.0,7.0,0,0.85,02_A_portrait_photo_of_a_kangaroo_wearing_an_orange_hoodie_and_1_0,0.7882111668586731,0.7793065309524536,0.008904635906219482,0,1,2.0,1.0,1.0,gpt_4_1_mini,flux1_fal_duel,Flux1-duel
5,2,0,3,round005_pair002_i0_A.png,round005_pair002_j3_B.png,7.0,9.0,1,0.85,02_A_portrait_photo_of_a_kangaroo_wearing_an_orange_hoodie_and_1_0,0.8532505035400391,0.8238184452056885,0.029432058334350586,0,0,-2.0,-1.0,1.0,gpt_4_1_mini,flux1_fal_duel,Flux1-duel
5,3,2,5,round005_pair003_i2_A.png,round005_pair003_j5_B.png,6.5,8.5,1,0.85,02_A_portrait_photo_of_a_kangaroo_wearing_an_orange_hoodie_and_1_0,0.8029367923736572,0.7897548675537109,0.013181924819946289,0,0,-2.0,-1.0,1.0,gpt_4_1_mini,flux1_fal_duel,Flux1-duel
5,4,4,2,round005_pair004_i4_A.png,round005_pair004_j2_B.png,7.0,9.0,1,0.85,02_A_portrait_photo_of_a_kangaroo_wearing_an_orange_hoodie_and_1_0,0.6356440782546997,0.7926274538040161,-0.1569833755493164,1,1,-2.0,-1.0,-1.0,gpt_4_1_mini,flux1_fal_duel,Flux1-duel
5,5,4,2,round005_pair005_i4_A.png,round005_pair005_j2_B.png,7.0,9.0,1,0.85,02_A_portrait_photo_of_a_kangaroo_wearing_an_orange_hoodie_and_1_0,0.7769155502319336,0.8432772755622864,-0.06636172533035278,1,1,-2.0,-1.0,-1.0,gpt_4_1_mini,flux1_fal_duel,Flux1-duel
5,6,4,1,round005_pair006_i4_A.png,round005_pair006_j1_B.png,8.5,6.0,0,0.85,02_A_portrait_photo_of_a_kangaroo_wearing_an_orange_hoodie_and_1_0,0.8311192989349365,0.8352037072181702,-0.004084408283233643,1,0,2.5,1.0,-1.0,gpt_4_1_mini,flux1_fal_duel,Flux1-duel
5,7,4,1,round005_pair007_i4_A.png,round005_pair007_j1_B.png,7.0,9.0,1,0.9,02_A_portrait_photo_of_a_kangaroo_wearing_an_orange_hoodie_and_1_0,0.7935903072357178,0.8030589818954468,-0.009468674659729004,1,1,-2.0,-1.0,-1.0,gpt_4_1_mini,flux1_fal_duel,Flux1-duel
5,8,4,0,round005_pair008_i4_A.png,round005_pair008_j0_B.png,8.0,5.0,0,0.85,02_A_portrait_photo_of_a_kangaroo_wearing_an_orange_hoodie_and_1_0,0.7450308799743652,0.7996600866317749,-0.05462920665740967,1,0,3.0,1.0,-1.0,gpt_4_1_mini,flux1_fal_duel,Flux1-duel
5,9,4,2,round005_pair009_i4_A.png,round005_pair009_j2_B.png,9.0,6.5,0,0.85,02_A_portrait_photo_of_a_kangaroo_wearing_an_orange_hoodie_and_1_0,0.7402795553207397,0.8431652784347534,-0.10288572311401367,1,0,2.5,1.0,-1.0,gpt_4_1_mini,flux1_fal_duel,Flux1-duel
5,10,4,5,round005_pair010_i4_A.png,round005_pair010_j5_B.png,7.0,9.0,1,0.8,02_A_portrait_photo_of_a_kangaroo_wearing_an_orange_hoodie_and_1_0,0.757666826248169,0.7938747406005859,-0.03620791435241699,1,1,-2.0,-1.0,-1.0,gpt_4_1_mini,flux1_fal_duel,Flux1-duel
1,1,3,1,round001_pair001_i3_A.png,round001_pair001_j1_B.png,85.0,93.0,1,0.8,02_A_portrait_photo_of_a_kangaroo_wearing_an_orange_hoodie_and_1_0,0.8367154598236084,0.834394097328186,0.0023213624954223633,0,0,-8.0,-1.0,1.0,gpt_4_1_mini,flux1_fal_duel,Flux1-duel
1,2,4,0,round001_pair002_i4_A.png,round001_pair002_j0_B.png,75.0,90.0,1,0.85,02_A_portrait_photo_of_a_kangaroo_wearing_an_orange_hoodie_and_1_0,0.8450309634208679,0.7855005264282227,0.059530436992645264,0,0,-15.0,-1.0,1.0,gpt_4_1_mini,flux1_fal_duel,Flux1-duel
1,3,2,5,round001_pair003_i2_A.png,round001_pair003_j5_B.png,75.0,90.0,1,0.8,02_A_portrait_photo_of_a_kangaroo_wearing_an_orange_hoodie_and_1_0,0.8013641834259033,0.8598215579986572,-0.058457374572753906,1,1,-15.0,-1.0,-1.0,gpt_4_1_mini,flux1_fal_duel,Flux1-duel
1,4,3,2,round001_pair004_i3_A.png,round001_pair004_j2_B.png,70.0,90.0,1,0.9,02_A_portrait_photo_of_a_kangaroo_wearing_an_orange_hoodie_and_1_0,0.7261514067649841,0.8405877351760864,-0.1144363284111023,1,1,-20.0,-1.0,-1.0,gpt_4_1_mini,flux1_fal_duel,Flux1-duel
1,5,3,0,round001_pair005_i3_A.png,round001_pair005_j0_B.png,90.0,75.0,0,0.85,02_A_portrait_photo_of_a_kangaroo_wearing_an_orange_hoodie_and_1_0,0.8222203254699707,0.7822201251983643,0.040000200271606445,0,1,15.0,1.0,1.0,gpt_4_1_mini,flux1_fal_duel,Flux1-duel
1,6,3,4,round001_pair006_i3_A.png,round001_pair006_j4_B.png,75.0,90.0,1,0.85,02_A_portrait_photo_of_a_kangaroo_wearing_an_orange_hoodie_and_1_0,0.7940448522567749,0.8282153606414795,-0.03417050838470459,1,1,-15.0,-1.0,-1.0,gpt_4_1_mini,flux1_fal_duel,Flux1-duel
1,7,3,1,round001_pair007_i3_A.png,round001_pair007_j1_B.png,75.0,90.0,1,0.85,02_A_portrait_photo_of_a_kangaroo_wearing_an_orange_hoodie_and_1_0,0.8020769357681274,0.8303101658821106,-0.028233230113983154,1,1,-15.0,-1.0,-1.0,gpt_4_1_mini,flux1_fal_duel,Flux1-duel
1,8,3,5,round001_pair008_i3_A.png,round001_pair008_j5_B.png,65.0,85.0,1,0.9,02_A_portrait_photo_of_a_kangaroo_wearing_an_orange_hoodie_and_1_0,0.6794406175613403,0.8379136323928833,-0.15847301483154297,1,1,-20.0,-1.0,-1.0,gpt_4_1_mini,flux1_fal_duel,Flux1-duel
1,9,3,2,round001_pair009_i3_A.png,round001_pair009_j2_B.png,75.0,90.0,1,0.9,02_A_portrait_photo_of_a_kangaroo_wearing_an_orange_hoodie_and_1_0,0.8613044023513794,0.8577886819839478,0.0035157203674316406,0,0,-15.0,-1.0,1.0,gpt_4_1_mini,flux1_fal_duel,Flux1-duel
1,10,3,4,round001_pair010_i3_A.png,round001_pair010_j4_B.png,75.0,90.0,1,0.85,02_A_portrait_photo_of_a_kangaroo_wearing_an_orange_hoodie_and_1_0,0.821295440196991,0.8457472324371338,-0.024451792240142822,1,1,-15.0,-1.0,-1.0,gpt_4_1_mini,flux1_fal_duel,Flux1-duel
2,1,4,0,round002_pair001_i4_A.png,round002_pair001_j0_B.png,85.0,65.0,0,0.9,02_A_portrait_photo_of_a_kangaroo_wearing_an_orange_hoodie_and_1_0,0.835206151008606,0.6438740491867065,0.19133210182189941,0,1,20.0,1.0,1.0,gpt_4_1_mini,flux1_fal_duel,Flux1-duel
2,2,3,1,round002_pair002_i3_A.png,round002_pair002_j1_B.png,65.0,85.0,1,0.85,02_A_portrait_photo_of_a_kangaroo_wearing_an_orange_hoodie_and_1_0,0.8396100997924805,0.7359272837638855,0.10368281602859497,0,0,-20.0,-1.0,1.0,gpt_4_1_mini,flux1_fal_duel,Flux1-duel
2,3,2,5,round002_pair003_i2_A.png,round002_pair003_j5_B.png,70.0,90.0,1,0.9,02_A_portrait_photo_of_a_kangaroo_wearing_an_orange_hoodie_and_1_0,0.5786512494087219,0.8230984807014465,-0.2444472312927246,1,1,-20.0,-1.0,-1.0,gpt_4_1_mini,flux1_fal_duel,Flux1-duel
2,4,4,0,round002_pair004_i4_A.png,round002_pair004_j0_B.png,88.0,75.0,0,0.85,02_A_portrait_photo_of_a_kangaroo_wearing_an_orange_hoodie_and_1_0,0.8371536731719971,0.7779029607772827,0.059250712394714355,0,1,13.0,1.0,1.0,gpt_4_1_mini,flux1_fal_duel,Flux1-duel
2,5,4,1,round002_pair005_i4_A.png,round002_pair005_j1_B.png,85.0,65.0,0,0.8,02_A_portrait_photo_of_a_kangaroo_wearing_an_orange_hoodie_and_1_0,0.883476734161377,0.5093936920166016,0.3740830421447754,0,1,20.0,1.0,1.0,gpt_4_1_mini,flux1_fal_duel,Flux1-duel
2,6,4,2,round002_pair006_i4_A.png,round002_pair006_j2_B.png,89.0,75.0,0,0.85,02_A_portrait_photo_of_a_kangaroo_wearing_an_orange_hoodie_and_1_0,0.8509986400604248,0.6323244571685791,0.2186741828918457,0,1,14.0,1.0,1.0,gpt_4_1_mini,flux1_fal_duel,Flux1-duel
2,7,4,3,round002_pair007_i4_A.png,round002_pair007_j3_B.png,85.0,70.0,0,0.8,02_A_portrait_photo_of_a_kangaroo_wearing_an_orange_hoodie_and_1_0,0.8582758903503418,0.8261779546737671,0.03209793567657471,0,1,15.0,1.0,1.0,gpt_4_1_mini,flux1_fal_duel,Flux1-duel
2,8,4,5,round002_pair008_i4_A.png,round002_pair008_j5_B.png,85.0,60.0,0,0.85,02_A_portrait_photo_of_a_kangaroo_wearing_an_orange_hoodie_and_1_0,0.8408739566802979,0.6521677374839783,0.18870621919631958,0,1,25.0,1.0,1.0,gpt_4_1_mini,flux1_fal_duel,Flux1-duel
2,9,4,3,round002_pair009_i4_A.png,round002_pair009_j3_B.png,75.0,90.0,1,0.85,02_A_portrait_photo_of_a_kangaroo_wearing_an_orange_hoodie_and_1_0,0.8108553290367126,0.8333783149719238,-0.02252298593521118,1,1,-15.0,-1.0,-1.0,gpt_4_1_mini,flux1_fal_duel,Flux1-duel
2,10,4,3,round002_pair010_i4_A.png,round002_pair010_j3_B.png,78.0,90.0,1,0.85,02_A_portrait_photo_of_a_kangaroo_wearing_an_orange_hoodie_and_1_0,0.7108669281005859,0.8549450039863586,-0.1440780758857727,1,1,-12.0,-1.0,-1.0,gpt_4_1_mini,flux1_fal_duel,Flux1-duel
3,1,4,0,round003_pair001_i4_A.png,round003_pair001_j0_B.png,75.0,90.0,1,0.85,02_A_portrait_photo_of_a_kangaroo_wearing_an_orange_hoodie_and_1_0,0.8182061314582825,0.7919543981552124,0.02625173330307007,0,0,-15.0,-1.0,1.0,gpt_4_1_mini,flux1_fal_duel,Flux1-duel
3,2,5,2,round003_pair002_i5_A.png,round003_pair002_j2_B.png,90.0,75.0,0,0.78,02_A_portrait_photo_of_a_kangaroo_wearing_an_orange_hoodie_and_1_0,0.7888433933258057,0.8075044751167297,-0.018661081790924072,1,0,15.0,1.0,-1.0,gpt_4_1_mini,flux1_fal_duel,Flux1-duel
3,3,3,1,round003_pair003_i3_A.png,round003_pair003_j1_B.png,75.0,90.0,1,0.85,02_A_portrait_photo_of_a_kangaroo_wearing_an_orange_hoodie_and_1_0,0.8306201696395874,0.8292363882064819,0.0013837814331054688,0,0,-15.0,-1.0,1.0,gpt_4_1_mini,flux1_fal_duel,Flux1-duel
3,4,4,1,round003_pair004_i4_A.png,round003_pair004_j1_B.png,75.0,90.0,1,0.85,02_A_portrait_photo_of_a_kangaroo_wearing_an_orange_hoodie_and_1_0,0.805363655090332,0.8187247514724731,-0.013361096382141113,1,1,-15.0,-1.0,-1.0,gpt_4_1_mini,flux1_fal_duel,Flux1-duel
3,5,4,0,round003_pair005_i4_A.png,round003_pair005_j0_B.png,90.0,75.0,0,0.85,02_A_portrait_photo_of_a_kangaroo_wearing_an_orange_hoodie_and_1_0,0.8347208499908447,0.7916334867477417,0.04308736324310303,0,1,15.0,1.0,1.0,gpt_4_1_mini,flux1_fal_duel,Flux1-duel
3,6,4,0,round003_pair006_i4_A.png,round003_pair006_j0_B.png,70.0,90.0,1,0.85,02_A_portrait_photo_of_a_kangaroo_wearing_an_orange_hoodie_and_1_0,0.8210654854774475,0.8452221751213074,-0.024156689643859863,1,1,-20.0,-1.0,-1.0,gpt_4_1_mini,flux1_fal_duel,Flux1-duel
3,7,4,1,round003_pair007_i4_A.png,round003_pair007_j1_B.png,88.0,75.0,0,0.85,02_A_portrait_photo_of_a_kangaroo_wearing_an_orange_hoodie_and_1_0,0.8262415528297424,0.7789123058319092,0.04732924699783325,0,1,13.0,1.0,1.0,gpt_4_1_mini,flux1_fal_duel,Flux1-duel
3,8,4,5,round003_pair008_i4_A.png,round003_pair008_j5_B.png,90.0,75.0,0,0.85,02_A_portrait_photo_of_a_kangaroo_wearing_an_orange_hoodie_and_1_0,0.8651667833328247,0.8302576541900635,0.03490912914276123,0,1,15.0,1.0,1.0,gpt_4_1_mini,flux1_fal_duel,Flux1-duel
3,9,4,5,round003_pair009_i4_A.png,round003_pair009_j5_B.png,90.0,75.0,0,0.85,02_A_portrait_photo_of_a_kangaroo_wearing_an_orange_hoodie_and_1_0,0.834022581577301,0.8281895518302917,0.005833029747009277,0,1,15.0,1.0,1.0,gpt_4_1_mini,flux1_fal_duel,Flux1-duel
3,10,4,3,round003_pair010_i4_A.png,round003_pair010_j3_B.png,85.0,65.0,0,0.8,02_A_portrait_photo_of_a_kangaroo_wearing_an_orange_hoodie_and_1_0,0.8343349695205688,0.6168042421340942,0.2175307273864746,0,1,20.0,1.0,1.0,gpt_4_1_mini,flux1_fal_duel,Flux1-duel
4,1,4,2,round004_pair001_i4_A.png,round004_pair001_j2_B.png,70.0,90.0,1,0.85,02_A_portrait_photo_of_a_kangaroo_wearing_an_orange_hoodie_and_1_0,0.8143655061721802,0.8347859382629395,-0.020420432090759277,1,1,-20.0,-1.0,-1.0,gpt_4_1_mini,flux1_fal_duel,Flux1-duel
4,2,3,0,round004_pair002_i3_A.png,round004_pair002_j0_B.png,70.0,90.0,1,0.85,02_A_portrait_photo_of_a_kangaroo_wearing_an_orange_hoodie_and_1_0,0.6350953578948975,0.7758463621139526,-0.14075100421905518,1,1,-20.0,-1.0,-1.0,gpt_4_1_mini,flux1_fal_duel,Flux1-duel
4,3,1,5,round004_pair003_i1_A.png,round004_pair003_j5_B.png,85.0,70.0,0,0.85,02_A_portrait_photo_of_a_kangaroo_wearing_an_orange_hoodie_and_1_0,0.8259724378585815,0.8010572195053101,0.024915218353271484,0,1,15.0,1.0,1.0,gpt_4_1_mini,flux1_fal_duel,Flux1-duel
4,4,4,1,round004_pair004_i4_A.png,round004_pair004_j1_B.png,70.0,85.0,1,0.85,02_A_portrait_photo_of_a_kangaroo_wearing_an_orange_hoodie_and_1_0,0.7971312999725342,0.8060945272445679,-0.008963227272033691,1,1,-15.0,-1.0,-1.0,gpt_4_1_mini,flux1_fal_duel,Flux1-duel
4,5,4,0,round004_pair005_i4_A.png,round004_pair005_j0_B.png,75.0,90.0,1,0.85,02_A_portrait_photo_of_a_kangaroo_wearing_an_orange_hoodie_and_1_0,0.8350655436515808,0.8028261065483093,0.032239437103271484,0,0,-15.0,-1.0,1.0,gpt_4_1_mini,flux1_fal_duel,Flux1-duel
4,6,4,1,round004_pair006_i4_A.png,round004_pair006_j1_B.png,75.0,90.0,1,0.85,02_A_portrait_photo_of_a_kangaroo_wearing_an_orange_hoodie_and_1_0,0.8250726461410522,0.8138597011566162,0.011212944984436035,0,0,-15.0,-1.0,1.0,gpt_4_1_mini,flux1_fal_duel,Flux1-duel
4,7,4,5,round004_pair007_i4_A.png,round004_pair007_j5_B.png,85.0,65.0,0,0.8,02_A_portrait_photo_of_a_kangaroo_wearing_an_orange_hoodie_and_1_0,0.8050476312637329,0.7243927121162415,0.08065491914749146,0,1,20.0,1.0,1.0,gpt_4_1_mini,flux1_fal_duel,Flux1-duel
4,8,4,3,round004_pair008_i4_A.png,round004_pair008_j3_B.png,90.0,70.0,0,0.85,02_A_portrait_photo_of_a_kangaroo_wearing_an_orange_hoodie_and_1_0,0.8228520154953003,0.7986196875572205,0.024232327938079834,0,1,20.0,1.0,1.0,gpt_4_1_mini,flux1_fal_duel,Flux1-duel
4,9,4,0,round004_pair009_i4_A.png,round004_pair009_j0_B.png,70.0,90.0,1,0.85,02_A_portrait_photo_of_a_kangaroo_wearing_an_orange_hoodie_and_1_0,0.810735821723938,0.8246346712112427,-0.013898849487304688,1,1,-20.0,-1.0,-1.0,gpt_4_1_mini,flux1_fal_duel,Flux1-duel
4,10,4,1,round004_pair010_i4_A.png,round004_pair010_j1_B.png,75.0,90.0,1,0.85,02_A_portrait_photo_of_a_kangaroo_wearing_an_orange_hoodie_and_1_0,0.8310148119926453,0.8443769216537476,-0.013362109661102295,1,1,-15.0,-1.0,-1.0,gpt_4_1_mini,flux1_fal_duel,Flux1-duel
5,1,4,1,round005_pair001_i4_A.png,round005_pair001_j1_B.png,75.0,90.0,1,0.85,02_A_portrait_photo_of_a_kangaroo_wearing_an_orange_hoodie_and_1_0,0.7882111668586731,0.7793065309524536,0.008904635906219482,0,0,-15.0,-1.0,1.0,gpt_4_1_mini,flux1_fal_duel,Flux1-duel
5,2,0,3,round005_pair002_i0_A.png,round005_pair002_j3_B.png,90.0,75.0,0,0.9,02_A_portrait_photo_of_a_kangaroo_wearing_an_orange_hoodie_and_1_0,0.8532505035400391,0.8238184452056885,0.029432058334350586,0,1,15.0,1.0,1.0,gpt_4_1_mini,flux1_fal_duel,Flux1-duel
5,3,2,5,round005_pair003_i2_A.png,round005_pair003_j5_B.png,75.0,90.0,1,0.85,02_A_portrait_photo_of_a_kangaroo_wearing_an_orange_hoodie_and_1_0,0.8029367923736572,0.7897548675537109,0.013181924819946289,0,0,-15.0,-1.0,1.0,gpt_4_1_mini,flux1_fal_duel,Flux1-duel
5,4,4,2,round005_pair004_i4_A.png,round005_pair004_j2_B.png,88.0,75.0,0,0.85,02_A_portrait_photo_of_a_kangaroo_wearing_an_orange_hoodie_and_1_0,0.6356440782546997,0.7926274538040161,-0.1569833755493164,1,0,13.0,1.0,-1.0,gpt_4_1_mini,flux1_fal_duel,Flux1-duel
5,5,4,2,round005_pair005_i4_A.png,round005_pair005_j2_B.png,70.0,85.0,1,0.85,02_A_portrait_photo_of_a_kangaroo_wearing_an_orange_hoodie_and_1_0,0.7769155502319336,0.8432772755622864,-0.06636172533035278,1,1,-15.0,-1.0,-1.0,gpt_4_1_mini,flux1_fal_duel,Flux1-duel
5,6,4,1,round005_pair006_i4_A.png,round005_pair006_j1_B.png,90.0,75.0,0,0.9,02_A_portrait_photo_of_a_kangaroo_wearing_an_orange_hoodie_and_1_0,0.8311192989349365,0.8352037072181702,-0.004084408283233643,1,0,15.0,1.0,-1.0,gpt_4_1_mini,flux1_fal_duel,Flux1-duel
5,7,4,1,round005_pair007_i4_A.png,round005_pair007_j1_B.png,78.0,92.0,1,0.85,02_A_portrait_photo_of_a_kangaroo_wearing_an_orange_hoodie_and_1_0,0.7935903072357178,0.8030589818954468,-0.009468674659729004,1,1,-14.0,-1.0,-1.0,gpt_4_1_mini,flux1_fal_duel,Flux1-duel
5,8,4,0,round005_pair008_i4_A.png,round005_pair008_j0_B.png,78.0,92.0,1,0.85,02_A_portrait_photo_of_a_kangaroo_wearing_an_orange_hoodie_and_1_0,0.7450308799743652,0.7996600866317749,-0.05462920665740967,1,1,-14.0,-1.0,-1.0,gpt_4_1_mini,flux1_fal_duel,Flux1-duel
5,9,4,2,round005_pair009_i4_A.png,round005_pair009_j2_B.png,75.0,90.0,1,0.85,02_A_portrait_photo_of_a_kangaroo_wearing_an_orange_hoodie_and_1_0,0.7402795553207397,0.8431652784347534,-0.10288572311401367,1,1,-15.0,-1.0,-1.0,gpt_4_1_mini,flux1_fal_duel,Flux1-duel
5,10,4,5,round005_pair010_i4_A.png,round005_pair010_j5_B.png,75.0,88.0,1,0.85,02_A_portrait_photo_of_a_kangaroo_wearing_an_orange_hoodie_and_1_0,0.757666826248169,0.7938747406005859,-0.03620791435241699,1,1,-13.0,-1.0,-1.0,gpt_4_1_mini,flux1_fal_duel,Flux1-duel
