iteration,stream_idx,dino_score,clipI_score,image_file,model,judge_tag
1,0,0.8291285037994385,0.8994723558425903,iter01_stream00.png,Flux1,gpt_5_nano
1,1,0.7967047691345215,0.8854582905769348,iter01_stream01.png,Flux1,gpt_5_nano
1,2,0.8338304162025452,0.8218602538108826,iter01_stream02.png,Flux1,gpt_5_nano
1,3,0.7873077988624573,0.8571422100067139,iter01_stream03.png,Flux1,gpt_5_nano
1,4,0.7671445608139038,0.7754543423652649,iter01_stream04.png,Flux1,gpt_5_nano
1,5,0.7527276873588562,0.8303837776184082,iter01_stream05.png,Flux1,gpt_5_nano
2,0,0.7440934777259827,0.816747784614563,iter02_stream00.png,Flux1,gpt_5_nano
2,1,0.8191645741462708,0.8516589403152466,iter02_stream01.png,Flux1,gpt_5_nano
2,2,0.8186565637588501,0.9003474116325378,iter02_stream02.png,Flux1,gpt_5_nano
2,3,0.8032076954841614,0.8413791656494141,iter02_stream03.png,Flux1,gpt_5_nano
2,4,0.8256963491439819,0.785861074924469,iter02_stream04.png,Flux1,gpt_5_nano
2,5,0.7991634607315063,0.8574784398078918,iter02_stream05.png,Flux1,gpt_5_nano
3,0,0.8106829524040222,0.7998389601707458,iter03_stream00.png,Flux1,gpt_5_nano
3,1,0.8202252388000488,0.80438631772995,iter03_stream01.png,Flux1,gpt_5_nano
3,2,0.8093029856681824,0.88148033618927,iter03_stream02.png,Flux1,gpt_5_nano
3,3,0.8442585468292236,0.888510525226593,iter03_stream03.png,Flux1,gpt_5_nano
3,4,0.763980507850647,0.7861630916595459,iter03_stream04.png,Flux1,gpt_5_nano
3,5,0.8110833168029785,0.8385540246963501,iter03_stream05.png,Flux1,gpt_5_nano
4,0,0.7386950254440308,0.8871784210205078,iter04_stream00.png,Flux1,gpt_5_nano
4,1,0.8415696024894714,0.8591796159744263,iter04_stream01.png,Flux1,gpt_5_nano
4,2,0.7262254357337952,0.8241260051727295,iter04_stream02.png,Flux1,gpt_5_nano
4,3,0.0059415921568870544,0.5407012701034546,iter04_stream03.png,Flux1,gpt_5_nano
4,4,0.7932424545288086,0.7822239398956299,iter04_stream04.png,Flux1,gpt_5_nano
4,5,0.6563278436660767,0.7226412892341614,iter04_stream05.png,Flux1,gpt_5_nano
5,0,0.7829821705818176,0.8757157921791077,iter05_stream00.png,Flux1,gpt_5_nano
5,1,0.8004266023635864,0.8062376379966736,iter05_stream01.png,Flux1,gpt_5_nano
5,2,0.7791813015937805,0.8511739373207092,iter05_stream02.png,Flux1,gpt_5_nano
5,3,0.7934596538543701,0.7995779514312744,iter05_stream03.png,Flux1,gpt_5_nano
5,4,0.7607832551002502,0.8001042604446411,iter05_stream04.png,Flux1,gpt_5_nano
5,5,0.8242509365081787,0.8377728462219238,iter05_stream05.png,Flux1,gpt_5_nano
1,0,0.5406127572059631,0.742995023727417,iter01_stream00.png,Gemini,gpt_5_nano
1,1,0.6537777185440063,0.7049433588981628,iter01_stream01.png,Gemini,gpt_5_nano
1,2,0.5978918075561523,0.8154735565185547,iter01_stream02.png,Gemini,gpt_5_nano
1,3,0.6016736626625061,0.859412431716919,iter01_stream03.png,Gemini,gpt_5_nano
1,4,0.6351211071014404,0.8654950261116028,iter01_stream04.png,Gemini,gpt_5_nano
1,5,0.5966783165931702,0.8141611814498901,iter01_stream05.png,Gemini,gpt_5_nano
2,0,0.6293667554855347,0.8634119033813477,iter02_stream00.png,Gemini,gpt_5_nano
2,1,0.6113525629043579,0.7810485363006592,iter02_stream01.png,Gemini,gpt_5_nano
2,2,0.5964208841323853,0.7409576177597046,iter02_stream02.png,Gemini,gpt_5_nano
2,3,0.6561133861541748,0.7926974296569824,iter02_stream03.png,Gemini,gpt_5_nano
2,4,0.6665136814117432,0.7929608821868896,iter02_stream04.png,Gemini,gpt_5_nano
2,5,0.5453960299491882,0.7636539936065674,iter02_stream05.png,Gemini,gpt_5_nano
3,0,0.6693369150161743,0.8409602046012878,iter03_stream00.png,Gemini,gpt_5_nano
3,1,0.6404423713684082,0.8098388910293579,iter03_stream01.png,Gemini,gpt_5_nano
3,2,0.5956631898880005,0.7585862874984741,iter03_stream02.png,Gemini,gpt_5_nano
3,3,0.61468505859375,0.8601855039596558,iter03_stream03.png,Gemini,gpt_5_nano
3,4,0.5337904691696167,0.7725182771682739,iter03_stream04.png,Gemini,gpt_5_nano
3,5,0.6273476481437683,0.6511968374252319,iter03_stream05.png,Gemini,gpt_5_nano
4,0,0.5755282044410706,0.6888476610183716,iter04_stream00.png,Gemini,gpt_5_nano
4,1,0.6965306997299194,0.8243108987808228,iter04_stream01.png,Gemini,gpt_5_nano
4,2,0.5882148742675781,0.802990734577179,iter04_stream02.png,Gemini,gpt_5_nano
4,3,0.5875570774078369,0.8198534250259399,iter04_stream03.png,Gemini,gpt_5_nano
4,4,0.5265012383460999,0.8000313639640808,iter04_stream04.png,Gemini,gpt_5_nano
4,5,0.5632157325744629,0.8081965446472168,iter04_stream05.png,Gemini,gpt_5_nano
5,0,0.51136314868927,0.7518256902694702,iter05_stream00.png,Gemini,gpt_5_nano
5,1,0.5879954099655151,0.8202122449874878,iter05_stream01.png,Gemini,gpt_5_nano
5,2,0.6431363224983215,0.8458619117736816,iter05_stream02.png,Gemini,gpt_5_nano
5,3,0.5687316656112671,0.7591232061386108,iter05_stream03.png,Gemini,gpt_5_nano
5,4,0.5347265005111694,0.7834093570709229,iter05_stream04.png,Gemini,gpt_5_nano
5,5,0.5728335380554199,0.7919979095458984,iter05_stream05.png,Gemini,gpt_5_nano
1,0,0.7406558990478516,0.8038324117660522,iter01_stream00.png,Qwen-Image,gpt_5_nano
1,1,0.5882916450500488,0.7466639280319214,iter01_stream01.png,Qwen-Image,gpt_5_nano
1,2,0.6805747747421265,0.7649985551834106,iter01_stream02.png,Qwen-Image,gpt_5_nano
1,3,0.6010376811027527,0.7653566002845764,iter01_stream03.png,Qwen-Image,gpt_5_nano
1,4,0.7492039203643799,0.7111528515815735,iter01_stream04.png,Qwen-Image,gpt_5_nano
1,5,0.6115825176239014,0.7051143646240234,iter01_stream05.png,Qwen-Image,gpt_5_nano
2,0,0.6994891166687012,0.7603199481964111,iter02_stream00.png,Qwen-Image,gpt_5_nano
2,1,0.7312934994697571,0.6986323595046997,iter02_stream01.png,Qwen-Image,gpt_5_nano
2,2,0.7124162912368774,0.7053084969520569,iter02_stream02.png,Qwen-Image,gpt_5_nano
2,3,0.7443917989730835,0.803030252456665,iter02_stream03.png,Qwen-Image,gpt_5_nano
2,4,0.6561357378959656,0.7722165584564209,iter02_stream04.png,Qwen-Image,gpt_5_nano
2,5,0.5723822116851807,0.7447212338447571,iter02_stream05.png,Qwen-Image,gpt_5_nano
3,0,0.6306719779968262,0.7056692242622375,iter03_stream00.png,Qwen-Image,gpt_5_nano
3,1,0.645587682723999,0.678657054901123,iter03_stream01.png,Qwen-Image,gpt_5_nano
3,2,0.6468813419342041,0.7149051427841187,iter03_stream02.png,Qwen-Image,gpt_5_nano
3,3,0.5939394235610962,0.7691230773925781,iter03_stream03.png,Qwen-Image,gpt_5_nano
3,4,0.7639423608779907,0.804838240146637,iter03_stream04.png,Qwen-Image,gpt_5_nano
3,5,0.5501784086227417,0.6628267765045166,iter03_stream05.png,Qwen-Image,gpt_5_nano
4,0,0.5501755475997925,0.7039370536804199,iter04_stream00.png,Qwen-Image,gpt_5_nano
4,1,0.6810002326965332,0.7340905666351318,iter04_stream01.png,Qwen-Image,gpt_5_nano
4,2,0.7414795160293579,0.7414730191230774,iter04_stream02.png,Qwen-Image,gpt_5_nano
4,3,0.609425961971283,0.7715291976928711,iter04_stream03.png,Qwen-Image,gpt_5_nano
4,4,0.6493864059448242,0.7193342447280884,iter04_stream04.png,Qwen-Image,gpt_5_nano
4,5,0.6813825368881226,0.6875797510147095,iter04_stream05.png,Qwen-Image,gpt_5_nano
5,0,0.714663565158844,0.7826797962188721,iter05_stream00.png,Qwen-Image,gpt_5_nano
5,1,0.6035027503967285,0.6692464351654053,iter05_stream01.png,Qwen-Image,gpt_5_nano
5,2,0.7029272317886353,0.6967335939407349,iter05_stream02.png,Qwen-Image,gpt_5_nano
5,3,0.5181663036346436,0.5945107340812683,iter05_stream03.png,Qwen-Image,gpt_5_nano
5,4,0.6851861476898193,0.6894038319587708,iter05_stream04.png,Qwen-Image,gpt_5_nano
5,5,0.513437032699585,0.6560113430023193,iter05_stream05.png,Qwen-Image,gpt_5_nano
1,0,0.7715643644332886,0.8585818409919739,iter01_stream00.png,Flux1,gpt_4o_mini
1,1,0.8117561340332031,0.8855019807815552,iter01_stream01.png,Flux1,gpt_4o_mini
1,2,0.8205064535140991,0.8412042856216431,iter01_stream02.png,Flux1,gpt_4o_mini
1,3,0.7784210443496704,0.8778642416000366,iter01_stream03.png,Flux1,gpt_4o_mini
1,4,0.7739962339401245,0.8467309474945068,iter01_stream04.png,Flux1,gpt_4o_mini
1,5,0.745984673500061,0.8928828239440918,iter01_stream05.png,Flux1,gpt_4o_mini
2,0,0.7840275168418884,0.8812716007232666,iter02_stream00.png,Flux1,gpt_4o_mini
2,1,0.7109181880950928,0.9152761697769165,iter02_stream01.png,Flux1,gpt_4o_mini
2,2,0.7925151586532593,0.7681434154510498,iter02_stream02.png,Flux1,gpt_4o_mini
2,3,0.7475630640983582,0.8319143056869507,iter02_stream03.png,Flux1,gpt_4o_mini
2,4,0.7754440307617188,0.8305561542510986,iter02_stream04.png,Flux1,gpt_4o_mini
2,5,0.8191156387329102,0.7719199657440186,iter02_stream05.png,Flux1,gpt_4o_mini
3,0,0.776383101940155,0.7695416808128357,iter03_stream00.png,Flux1,gpt_4o_mini
3,1,0.7897303104400635,0.8253241777420044,iter03_stream01.png,Flux1,gpt_4o_mini
3,2,0.7754630446434021,0.8249046802520752,iter03_stream02.png,Flux1,gpt_4o_mini
3,3,0.855495810508728,0.8113127946853638,iter03_stream03.png,Flux1,gpt_4o_mini
3,4,0.8033804893493652,0.8137872219085693,iter03_stream04.png,Flux1,gpt_4o_mini
3,5,0.830086350440979,0.8273888826370239,iter03_stream05.png,Flux1,gpt_4o_mini
4,0,0.6976062059402466,0.7717649340629578,iter04_stream00.png,Flux1,gpt_4o_mini
4,1,0.7158703804016113,0.8543314933776855,iter04_stream01.png,Flux1,gpt_4o_mini
4,2,0.667386531829834,0.7499532699584961,iter04_stream02.png,Flux1,gpt_4o_mini
4,3,0.6662275791168213,0.8030251860618591,iter04_stream03.png,Flux1,gpt_4o_mini
4,4,0.7950649857521057,0.8486244678497314,iter04_stream04.png,Flux1,gpt_4o_mini
4,5,0.7754877805709839,0.814689040184021,iter04_stream05.png,Flux1,gpt_4o_mini
5,0,0.7610268592834473,0.8246784210205078,iter05_stream00.png,Flux1,gpt_4o_mini
5,1,0.7837505340576172,0.8270419836044312,iter05_stream01.png,Flux1,gpt_4o_mini
5,2,0.7317017912864685,0.8108588457107544,iter05_stream02.png,Flux1,gpt_4o_mini
5,3,0.6720051765441895,0.7842249274253845,iter05_stream03.png,Flux1,gpt_4o_mini
5,4,0.662584662437439,0.839599609375,iter05_stream04.png,Flux1,gpt_4o_mini
5,5,0.8473353981971741,0.8607977628707886,iter05_stream05.png,Flux1,gpt_4o_mini
1,0,0.5854093432426453,0.7459884881973267,iter01_stream00.png,Gemini,gpt_4o_mini
1,1,0.6673856973648071,0.8332446813583374,iter01_stream01.png,Gemini,gpt_4o_mini
1,2,0.6696243286132812,0.8403109908103943,iter01_stream02.png,Gemini,gpt_4o_mini
1,3,0.5922684669494629,0.8387926816940308,iter01_stream03.png,Gemini,gpt_4o_mini
1,4,0.6814069747924805,0.8241947293281555,iter01_stream04.png,Gemini,gpt_4o_mini
1,5,0.6146094799041748,0.7746140956878662,iter01_stream05.png,Gemini,gpt_4o_mini
2,0,0.6259889006614685,0.726556658744812,iter02_stream00.png,Gemini,gpt_4o_mini
2,1,0.5478814840316772,0.8322069644927979,iter02_stream01.png,Gemini,gpt_4o_mini
2,2,0.6948794722557068,0.8776757121086121,iter02_stream02.png,Gemini,gpt_4o_mini
2,3,0.6317261457443237,0.8182251453399658,iter02_stream03.png,Gemini,gpt_4o_mini
2,4,0.5824419260025024,0.8525424003601074,iter02_stream04.png,Gemini,gpt_4o_mini
2,5,0.5900098085403442,0.8245473504066467,iter02_stream05.png,Gemini,gpt_4o_mini
3,0,0.625638484954834,0.780088484287262,iter03_stream00.png,Gemini,gpt_4o_mini
3,1,0.5848567485809326,0.7786030769348145,iter03_stream01.png,Gemini,gpt_4o_mini
3,2,0.6003789901733398,0.7674157619476318,iter03_stream02.png,Gemini,gpt_4o_mini
3,3,0.7412152886390686,0.8197593688964844,iter03_stream03.png,Gemini,gpt_4o_mini
3,4,0.6795790791511536,0.8288592100143433,iter03_stream04.png,Gemini,gpt_4o_mini
3,5,0.554567277431488,0.7925906181335449,iter03_stream05.png,Gemini,gpt_4o_mini
4,0,0.6133774518966675,0.8502705097198486,iter04_stream00.png,Gemini,gpt_4o_mini
4,1,0.7014375329017639,0.7762743234634399,iter04_stream01.png,Gemini,gpt_4o_mini
4,2,0.60052490234375,0.7439356446266174,iter04_stream02.png,Gemini,gpt_4o_mini
4,3,0.6628886461257935,0.7802587151527405,iter04_stream03.png,Gemini,gpt_4o_mini
4,4,0.6913763284683228,0.8549755811691284,iter04_stream04.png,Gemini,gpt_4o_mini
4,5,0.642841100692749,0.7296925783157349,iter04_stream05.png,Gemini,gpt_4o_mini
5,0,0.629776656627655,0.822698175907135,iter05_stream00.png,Gemini,gpt_4o_mini
5,1,0.5145487785339355,0.8324241042137146,iter05_stream01.png,Gemini,gpt_4o_mini
5,2,0.7151286602020264,0.8082597255706787,iter05_stream02.png,Gemini,gpt_4o_mini
5,3,0.6371067762374878,0.787093997001648,iter05_stream03.png,Gemini,gpt_4o_mini
5,4,0.6811561584472656,0.8026378154754639,iter05_stream04.png,Gemini,gpt_4o_mini
5,5,0.4805538058280945,0.7917251586914062,iter05_stream05.png,Gemini,gpt_4o_mini
1,0,0.815376877784729,0.9064741730690002,iter01_stream00.png,Qwen-Image,gpt_4o_mini
1,1,0.7675068378448486,0.8047313690185547,iter01_stream01.png,Qwen-Image,gpt_4o_mini
1,2,0.3489534854888916,0.7980110049247742,iter01_stream02.png,Qwen-Image,gpt_4o_mini
1,3,0.7423437237739563,0.797746479511261,iter01_stream03.png,Qwen-Image,gpt_4o_mini
1,4,0.8313055038452148,0.9057407379150391,iter01_stream04.png,Qwen-Image,gpt_4o_mini
1,5,0.552009642124176,0.7917618155479431,iter01_stream05.png,Qwen-Image,gpt_4o_mini
2,0,0.34124982357025146,0.7429257035255432,iter02_stream00.png,Qwen-Image,gpt_4o_mini
2,1,0.6418315172195435,0.8864056468009949,iter02_stream01.png,Qwen-Image,gpt_4o_mini
2,2,0.46519365906715393,0.8096963167190552,iter02_stream02.png,Qwen-Image,gpt_4o_mini
2,3,0.7546949982643127,0.8870660066604614,iter02_stream03.png,Qwen-Image,gpt_4o_mini
2,4,0.8315231800079346,0.907752513885498,iter02_stream04.png,Qwen-Image,gpt_4o_mini
2,5,0.8365869522094727,0.8492034673690796,iter02_stream05.png,Qwen-Image,gpt_4o_mini
3,0,0.5390084981918335,0.8403173685073853,iter03_stream00.png,Qwen-Image,gpt_4o_mini
3,1,0.7575922608375549,0.7841251492500305,iter03_stream01.png,Qwen-Image,gpt_4o_mini
3,2,0.8112455606460571,0.8554773330688477,iter03_stream02.png,Qwen-Image,gpt_4o_mini
3,3,0.8376778364181519,0.9012166261672974,iter03_stream03.png,Qwen-Image,gpt_4o_mini
3,4,0.7353600263595581,0.8251398205757141,iter03_stream04.png,Qwen-Image,gpt_4o_mini
3,5,0.7242110967636108,0.8557186126708984,iter03_stream05.png,Qwen-Image,gpt_4o_mini
4,0,0.7535440325737,0.8708518147468567,iter04_stream00.png,Qwen-Image,gpt_4o_mini
4,1,0.7271718978881836,0.9028750658035278,iter04_stream01.png,Qwen-Image,gpt_4o_mini
4,2,0.7225443124771118,0.7958458662033081,iter04_stream02.png,Qwen-Image,gpt_4o_mini
4,3,0.7869607210159302,0.8092620372772217,iter04_stream03.png,Qwen-Image,gpt_4o_mini
4,4,0.7707304954528809,0.844397783279419,iter04_stream04.png,Qwen-Image,gpt_4o_mini
4,5,0.8064138889312744,0.772384524345398,iter04_stream05.png,Qwen-Image,gpt_4o_mini
5,0,0.7858997583389282,0.8944196105003357,iter05_stream00.png,Qwen-Image,gpt_4o_mini
5,1,0.7903355360031128,0.8741149306297302,iter05_stream01.png,Qwen-Image,gpt_4o_mini
5,2,0.768593966960907,0.8357382416725159,iter05_stream02.png,Qwen-Image,gpt_4o_mini
5,3,0.5672772526741028,0.6200149059295654,iter05_stream03.png,Qwen-Image,gpt_4o_mini
5,4,0.7481569051742554,0.8317898511886597,iter05_stream04.png,Qwen-Image,gpt_4o_mini
5,5,0.4146804213523865,0.8013653755187988,iter05_stream05.png,Qwen-Image,gpt_4o_mini
